-- phpMyAdmin SQL Dump
-- version 5.2.0
-- https://www.phpmyadmin.net/
--
-- Host: 127.0.0.1
-- Generation Time: May 04, 2024 at 05:05 AM
-- Server version: 10.4.27-MariaDB
-- PHP Version: 8.1.12

SET SQL_MODE = "NO_AUTO_VALUE_ON_ZERO";
START TRANSACTION;
SET time_zone = "+00:00";


/*!40101 SET @OLD_CHARACTER_SET_CLIENT=@@CHARACTER_SET_CLIENT */;
/*!40101 SET @OLD_CHARACTER_SET_RESULTS=@@CHARACTER_SET_RESULTS */;
/*!40101 SET @OLD_COLLATION_CONNECTION=@@COLLATION_CONNECTION */;
/*!40101 SET NAMES utf8mb4 */;

--
-- Database: `larave`
--

-- --------------------------------------------------------

--
-- Table structure for table `chitiet_donhang`
--

CREATE TABLE `chitiet_donhang` (
  `id_ctdonhang` int(10) UNSIGNED NOT NULL,
  `tensp` varchar(100) NOT NULL,
  `soluong` tinyint(4) DEFAULT NULL,
  `giamgia` int(11) DEFAULT NULL,
  `giatien` int(11) DEFAULT NULL,
  `giakhuyenmai` int(11) DEFAULT NULL,
  `id_sanpham` int(11) NOT NULL,
  `id_dathang` int(10) UNSIGNED NOT NULL,
  `id_kh` int(11) NOT NULL
) ENGINE=InnoDB DEFAULT CHARSET=utf8mb4 COLLATE=utf8mb4_unicode_ci;

--
-- Dumping data for table `chitiet_donhang`
--

INSERT INTO `chitiet_donhang` (`id_ctdonhang`, `tensp`, `soluong`, `giamgia`, `giatien`, `giakhuyenmai`, `id_sanpham`, `id_dathang`, `id_kh`) VALUES
(1, 'Thức Ăn Cho Chó Trưởng Thành Giống Lớn – Eminent Adult Large Breed – 500g', 1, 0, 72000, 72000, 1, 1, 1),
(2, 'Thức Ăn Cho Chó Trưởng Thành Giống Lớn – Eminent Adult Large Breed – 500g', 1, 0, 72000, 72000, 1, 2, 1);

-- --------------------------------------------------------

--
-- Table structure for table `danhmuc`
--

CREATE TABLE `danhmuc` (
  `id_danhmuc` int(11) NOT NULL,
  `ten_danhmuc` varchar(100) DEFAULT NULL
) ENGINE=InnoDB DEFAULT CHARSET=utf8mb4 COLLATE=utf8mb4_unicode_ci;

--
-- Dumping data for table `danhmuc`
--

INSERT INTO `danhmuc` (`id_danhmuc`, `ten_danhmuc`) VALUES
(1, 'Sản phẩm cho chó'),
(2, 'Sản phẩm cho mèo'),
(3, 'tất cả sản phẩm'),
(4, 'con giống'),
(5, 'nổi bật'),
(6, 'chó giống'),
(7, 'mèo giống');

-- --------------------------------------------------------

--
-- Table structure for table `dathang`
--

CREATE TABLE `dathang` (
  `id_dathang` int(10) UNSIGNED NOT NULL,
  `ngaydathang` datetime DEFAULT current_timestamp(),
  `ngaygiaohang` datetime DEFAULT current_timestamp(),
  `tongtien` int(11) NOT NULL,
  `phuongthucthanhtoan` varchar(10) NOT NULL,
  `diachigiaohang` varchar(100) DEFAULT NULL,
  `trangthai` varchar(100) DEFAULT NULL,
  `id_kh` int(11) NOT NULL
) ENGINE=InnoDB DEFAULT CHARSET=utf8mb4 COLLATE=utf8mb4_unicode_ci;

--
-- Dumping data for table `dathang`
--

INSERT INTO `dathang` (`id_dathang`, `ngaydathang`, `ngaygiaohang`, `tongtien`, `phuongthucthanhtoan`, `diachigiaohang`, `trangthai`, `id_kh`) VALUES
(1, '2024-05-04 02:56:18', NULL, 72000, 'COD', NULL, 'đang xử lý', 1),
(2, '2024-05-04 02:56:32', '2024-05-04 00:00:00', 72000, 'VNPAY', 'Đống Đa, Hà nội', 'giao thành công', 1);

-- --------------------------------------------------------

--
-- Table structure for table `khachhang`
--

CREATE TABLE `khachhang` (
  `id_kh` int(11) NOT NULL,
  `hoten` varchar(100) DEFAULT NULL,
  `email` varchar(100) DEFAULT NULL,
  `password` varchar(100) DEFAULT NULL,
  `diachi` varchar(255) DEFAULT NULL,
  `sdt` int(11) DEFAULT NULL,
  `id_phanquyen` int(11) NOT NULL
) ENGINE=InnoDB DEFAULT CHARSET=utf8mb4 COLLATE=utf8mb4_unicode_ci;

--
-- Dumping data for table `khachhang`
--

INSERT INTO `khachhang` (`id_kh`, `hoten`, `email`, `password`, `diachi`, `sdt`, `id_phanquyen`) VALUES
(1, 'teo', 'teo@gmail.com', '$2y$12$o42vmZrn2TzpqtP0NJ/VyOd0qgv2coPm76eyZ/ZNwUgBHNUUW6H2y', 'Đống Đa, Hà nội', 379487241, 2),
(2, 'admin', 'admin@gmail.com', '$2y$12$JjPydOKxMwUUQWS2bG5ZJOTO7m0gwYnyF4umA4OMU.NtDzvBoMbim', 'Đống Đa, Hà nội', 379487352, 1);

-- --------------------------------------------------------

--
-- Table structure for table `migrations`
--

CREATE TABLE `migrations` (
  `id` int(10) UNSIGNED NOT NULL,
  `migration` varchar(255) NOT NULL,
  `batch` int(11) NOT NULL
) ENGINE=InnoDB DEFAULT CHARSET=utf8mb4 COLLATE=utf8mb4_unicode_ci;

--
-- Dumping data for table `migrations`
--

INSERT INTO `migrations` (`id`, `migration`, `batch`) VALUES
(1, '2019_12_14_000001_create_personal_access_tokens_table', 1),
(2, '2024_04_21_090007_create_chitiet_donhang_table', 1),
(3, '2024_04_21_090007_create_danhmuc_table', 1),
(4, '2024_04_21_090007_create_dathang_table', 1),
(5, '2024_04_21_090007_create_phanquyen_table', 1),
(6, '2024_04_21_090007_create_sanpham_table', 1),
(7, '2024_04_21_090010_add_foreign_keys_to_sanpham_table', 1),
(8, '2024_04_21_092420_add_foreign_key_to_chitiet_donhang_table', 1),
(9, '2024_04_22_080854_create_khachhang_table', 1),
(10, '2024_04_22_080855_add_foreign_keys_to_khachhang_table', 1);

-- --------------------------------------------------------

--
-- Table structure for table `personal_access_tokens`
--

CREATE TABLE `personal_access_tokens` (
  `id` bigint(20) UNSIGNED NOT NULL,
  `tokenable_type` varchar(255) NOT NULL,
  `tokenable_id` bigint(20) UNSIGNED NOT NULL,
  `name` varchar(255) NOT NULL,
  `token` varchar(64) NOT NULL,
  `abilities` text DEFAULT NULL,
  `last_used_at` timestamp NULL DEFAULT NULL,
  `expires_at` timestamp NULL DEFAULT NULL,
  `created_at` timestamp NULL DEFAULT NULL,
  `updated_at` timestamp NULL DEFAULT NULL
) ENGINE=InnoDB DEFAULT CHARSET=utf8mb4 COLLATE=utf8mb4_unicode_ci;

-- --------------------------------------------------------

--
-- Table structure for table `phanquyen`
--

CREATE TABLE `phanquyen` (
  `id_phanquyen` int(11) NOT NULL,
  `tenquyen` char(20) DEFAULT NULL
) ENGINE=InnoDB DEFAULT CHARSET=utf8mb4 COLLATE=utf8mb4_unicode_ci;

--
-- Dumping data for table `phanquyen`
--

INSERT INTO `phanquyen` (`id_phanquyen`, `tenquyen`) VALUES
(1, 'admin'),
(2, 'user'),
(3, 'staff');

-- --------------------------------------------------------

--
-- Table structure for table `sanpham`
--

CREATE TABLE `sanpham` (
  `id_sanpham` int(11) NOT NULL,
  `tensp` varchar(100) DEFAULT NULL,
  `anhsp` varchar(255) DEFAULT NULL,
  `giasp` int(11) DEFAULT NULL,
  `mota` text DEFAULT NULL,
  `giamgia` int(11) DEFAULT NULL,
  `giakhuyenmai` int(11) DEFAULT NULL,
  `soluong` int(11) DEFAULT NULL,
  `id_danhmuc` int(11) NOT NULL
) ENGINE=InnoDB DEFAULT CHARSET=utf8mb4 COLLATE=utf8mb4_unicode_ci;

--
-- Dumping data for table `sanpham`
--

INSERT INTO `sanpham` (`id_sanpham`, `tensp`, `anhsp`, `giasp`, `mota`, `giamgia`, `giakhuyenmai`, `soluong`, `id_danhmuc`) VALUES
(1, 'Thức Ăn Cho Chó Trưởng Thành Giống Lớn – Eminent Adult Large Breed – 500g', 'frontend/upload/Eminent.jpg', 72000, 'abc', 0, 72000, 2, 1),
(2, 'Pate Cho Mèo – Pate Fit4 Cats -Cá Ngừ Và Thanh Cua 160g', 'frontend/upload/dohop.jpg', 20000, NULL, 0, 72000, 5, 2),
(3, 'Chó Bull', 'frontend/upload/Chó-Bully.jpg', 72000, NULL, 0, 72000, 5, 6),
(4, 'Cheems', 'frontend/upload/meme-cheems-1.png', 20000, NULL, 0, 72000, 2, 7),
(5, 'Chó chihuahua', 'frontend/upload/Chó-chi-hua-hua.jpg', 20000, NULL, 0, 20000, 3, 6),
(6, 'Bánh Gặm Cho Chó – Smoked Beefy Dental Bone -14g', 'frontend/upload/dochocho.jpg', 20000, NULL, 0, 20000, 6, 1);

--
-- Indexes for dumped tables
--

--
-- Indexes for table `chitiet_donhang`
--
ALTER TABLE `chitiet_donhang`
  ADD PRIMARY KEY (`id_ctdonhang`),
  ADD KEY `chitiet_donhang_id_dathang_foreign` (`id_dathang`);

--
-- Indexes for table `danhmuc`
--
ALTER TABLE `danhmuc`
  ADD PRIMARY KEY (`id_danhmuc`);

--
-- Indexes for table `dathang`
--
ALTER TABLE `dathang`
  ADD PRIMARY KEY (`id_dathang`),
  ADD KEY `dathang_id_dathang_index` (`id_dathang`);

--
-- Indexes for table `khachhang`
--
ALTER TABLE `khachhang`
  ADD PRIMARY KEY (`id_kh`),
  ADD KEY `fk_dk` (`id_phanquyen`);

--
-- Indexes for table `migrations`
--
ALTER TABLE `migrations`
  ADD PRIMARY KEY (`id`);

--
-- Indexes for table `personal_access_tokens`
--
ALTER TABLE `personal_access_tokens`
  ADD PRIMARY KEY (`id`),
  ADD UNIQUE KEY `personal_access_tokens_token_unique` (`token`),
  ADD KEY `personal_access_tokens_tokenable_type_tokenable_id_index` (`tokenable_type`,`tokenable_id`);

--
-- Indexes for table `phanquyen`
--
ALTER TABLE `phanquyen`
  ADD PRIMARY KEY (`id_phanquyen`);

--
-- Indexes for table `sanpham`
--
ALTER TABLE `sanpham`
  ADD PRIMARY KEY (`id_sanpham`),
  ADD KEY `fk_customer` (`id_danhmuc`);

--
-- AUTO_INCREMENT for dumped tables
--

--
-- AUTO_INCREMENT for table `chitiet_donhang`
--
ALTER TABLE `chitiet_donhang`
  MODIFY `id_ctdonhang` int(10) UNSIGNED NOT NULL AUTO_INCREMENT, AUTO_INCREMENT=3;

--
-- AUTO_INCREMENT for table `danhmuc`
--
ALTER TABLE `danhmuc`
  MODIFY `id_danhmuc` int(11) NOT NULL AUTO_INCREMENT, AUTO_INCREMENT=8;

--
-- AUTO_INCREMENT for table `dathang`
--
ALTER TABLE `dathang`
  MODIFY `id_dathang` int(10) UNSIGNED NOT NULL AUTO_INCREMENT, AUTO_INCREMENT=3;

--
-- AUTO_INCREMENT for table `khachhang`
--
ALTER TABLE `khachhang`
  MODIFY `id_kh` int(11) NOT NULL AUTO_INCREMENT, AUTO_INCREMENT=3;

--
-- AUTO_INCREMENT for table `migrations`
--
ALTER TABLE `migrations`
  MODIFY `id` int(10) UNSIGNED NOT NULL AUTO_INCREMENT, AUTO_INCREMENT=11;

--
-- AUTO_INCREMENT for table `personal_access_tokens`
--
ALTER TABLE `personal_access_tokens`
  MODIFY `id` bigint(20) UNSIGNED NOT NULL AUTO_INCREMENT;

--
-- AUTO_INCREMENT for table `sanpham`
--
ALTER TABLE `sanpham`
  MODIFY `id_sanpham` int(11) NOT NULL AUTO_INCREMENT, AUTO_INCREMENT=7;

--
-- Constraints for dumped tables
--

--
-- Constraints for table `chitiet_donhang`
--
ALTER TABLE `chitiet_donhang`
  ADD CONSTRAINT `chitiet_donhang_id_dathang_foreign` FOREIGN KEY (`id_dathang`) REFERENCES `dathang` (`id_dathang`);

--
-- Constraints for table `khachhang`
--
ALTER TABLE `khachhang`
  ADD CONSTRAINT `fk_dk` FOREIGN KEY (`id_phanquyen`) REFERENCES `phanquyen` (`id_phanquyen`);

--
-- Constraints for table `sanpham`
--
ALTER TABLE `sanpham`
  ADD CONSTRAINT `fk_customer` FOREIGN KEY (`id_danhmuc`) REFERENCES `danhmuc` (`id_danhmuc`);
COMMIT;

/*!40101 SET CHARACTER_SET_CLIENT=@OLD_CHARACTER_SET_CLIENT */;
/*!40101 SET CHARACTER_SET_RESULTS=@OLD_CHARACTER_SET_RESULTS */;
/*!40101 SET COLLATION_CONNECTION=@OLD_COLLATION_CONNECTION */;
